Modules,模块
Domains,行业
Hospitality,酒店餐饮
Retail,零售
Human Resource,人力资源
Manufacturing,生产
Project,项目
Buying,采购
Accounts,会计
Distribution,贸易与分销
Services,服务
Administration,系统管理
Customization,定制
Lists,列表
Reports,报表
Workspace,工作区
Setup,设置
New Chart,统计图表
New Shortcut,快速访问
New Number Card,数字卡
This Week,本周
This Month,本月
This Quarter,本季
This Year,本年
Last Year,去年
Daily,每天
Weekly,每周
Monthly,每月
Quarterly,每季
Yearly,每年
Day,日
w,周
Week,周
Month,月
Half Day,半天
Quarter Day,季
View Ledger,查看总账
New Company,新建公司
Financial Statement,财务报表
Cash Flow Statement,现金流量表
Chart of Cost Centers,成本中心表
Week {0} {1},{1}年第{0}周
Quarter {0} {1},{1}年{0}季度
{0} {1},{1} {0}
Accounting,会计
Mon,周一
Wed,周三
Fri,周五
Jan,1月
Feb,2月
Mar,3月
Apr,4月
May,5月
Jun,6月
Jul,7月
Aug,8月
Sep,9月
Oct,10月
Nov,11月
Dec,12月
JAN,一月
FEB,二月
MAR,三月
APR,四月
MAY,五月
JUN,六月
JUL,七月
AUG,八月
SEP,九月
OCT,十月
NOV,十一月
DEC,十二月
Sort Ascending,升序
Sort Descending,倒序
Reset sorting,重置排序
Remove column,移除列
Lists,列表
Reports,报表
Setup,设置
Bar,柱状图
Line,折线图
Pie,饼图
Donut,双圈图
Project Dashboard,项目统计图表
Server Error,服务器错误
Could not find {0},找不到{0}
Material Requests,物料需求
Supplier Quotations,供应商报价
Review Chart Of Accounts,检查科目表
Lets Create a Tax Template for Sales,创建销售税费模板
Create a Product,创建一个产品
Skip,跳过
Dismiss,移除
{} Draft,{} 草稿
"Ex: ""colors"": [""#d1d8dd"", ""#ff5858""]","例如: ""colors"": [""#d1d8dd"", ""#ff5858""]"
Value,值,Dashboard Chart
yesterday,昨天
Dr,借方
Cr,贷方
Chart Of Accounts,会计科目表
Financial Statements,会计报表
Budget List,预算清单
Original Value,原值
Property,属性
New Value,新值
Value Change,值变更
Value To Be Set,值变更为
Value Changed,值变更的字段
Values Changed,值已更改
Row Values Changed,明细表变更
Table Field,表字段
Table updated,表更新
Row #,行号
Rows Removed,已删除行
Rows Added,新增行
Comment,评论
Total Qty Sold,总销售量
Total Sales Amount,总销售额
Total Qty Purchased,总采购量
Total Purchase Amount,总销售额
Outstanding Amount,未付金额
Available Stock,可用库存
Available Stock Qty,可用库存数量
Available Stock Value,可用库存金额
No Item found,无数据
Leaderboard,领导数据面板
All Time, 所有时间
Select From Date,选择日期
Rank,序号
Link DocType,关联单据类型
Link Doctype,关联单据类型
Link Name,关联单据编号(名称)
Linked Doctypes,关联单据类型
Not In,不含
In,包含
in,包含
=,等于
!=,不等于
Docstatus,单据状态
{} Open,{} 待处理
{} Draft,{} 草稿
{} To Deliver,{} 待出货
{} Available,{} 可用
{}  Available,{} 可用
{} Assigned,{} 已分派
{} Pending,{} 待交
{} To Bill,{}待开票
{} Active,{} 激活
{} Published,{} 已发布
Permission Manager,角色权限管理
Last Quarter,上季度
Last Week,上周
Last Month,上个月
Last Year,去年
Year,年
Energy Points,能量点
Customer,客户
China,中国
Reference Doctype,关联单据类型
Reference DocType,关联单据类型
Count,计数
Sum,总计
Average,平均
Minimum,最小值
Maximum,最大值
Sum of {0},{0} 总计
Average of {0},{0} 平均值
Click On Customize to add your first widget,点击定制按钮开始定制
You haven't added any Dashboard Charts or Number Cards yet.,尚未创建统计图表或数字卡
Choose an existing chart or create a new chart,选择现有和创建新图表
Existing Chart,现有图表
Add a {} Chart, 添加一个 {} 图表
Reset,重置
Add Number Card,添加统计数字卡
Choose Existing Card or create New Card,选择已有卡或创建一个新卡
Existing Card,现有数字卡
New Card,新数字卡
Quotations,报价
Party Name,往来单位名称
Only If Creator,仅限创建者
All Work Orders,全部工单
Not Started,未开始
Overdue,逾期
Pending,待完成
Open,待处理
Completed,已完成
Start Timer,开始计时
Stop Timer,停止计时
Resume Timer,恢复计时
New Department,新建 部门
Is Active,激活
Set Filters for {0},为 {0} 设置过滤条件
0-30 Days,0-30天,
30-60 Days,30-60天,
60-90 Days,60-90天,
90 Above,90天以上
Order By,排序字段
added,添加
removed,移除
Exploded Items,底层物料
Changes in {0},变更了 {0}
BOM 1,物料清单1
BOM 2,物料清单2
Select Date Range,选择日期范围
Poor,差
Very Poor,很差
Excellent,优秀
Total Views,总访问次数
Unique Visits,总访问人次
No Remarks,无备注
To Deliver,待出货
To Deliver and Bill,待出货与开票
To Bill,待开票
Purchase Invoices,采购发票
Purchase Orders,采购订单
Expenses,费用
Number Card,数字卡
Chart Label,图表标题
Chart Type,图表类型
Chart Config,图表设置
Group By Type,分组统计类型
Aggregate Function Based On,统计字段
Group By Based On,分组字段
Chart Color,图表颜色
Time Series,时间序列
Timespan,时间跨度
Group By Type,分组统计类型
Aggregate Function Based On,统计字段
Group By Based On,分组字段
Number of Groups,分组数量
Add Filters,添加过滤条件
Function Based On,函数基于
Stock Summary,库存汇总
Group by Voucher (Consolidated),按凭证(已合并)分组
Total Active Items,总有效物料
Warehouse wise Stock Value,仓库货值
Total Warehouses,总仓库数
Total Stock Value,总货值
Delivery Trends,销售出货趋势
Oldest Items,呆滞物料
Item Shortage Summary,物料缺货汇总
Insufficient Stock,库存不足
Group by Material Request,按物料需求分组
Territory Wise Sales,区域销售
Opportunity Trends,商机趋势
Open Opportunity,未结案商机
Won Opportunity (Last 1 Month),上个月成交的商机
New Opportunity (Last 1 Month),上个月的新商机
Territory Wise Opportunity Count,区域商机数
Won Opportunities,成交的商机
Opportunities via Campaigns,促销活动商机
Total Employees,总员工数
New Joinees (Last year),去年新入职
Employees Left (Last year),去年离职
Total Job Openings (Last month),上个月职位空缺数
Total Applicants (Last month),上个月应聘人数
Shortlisted Candidates (Last month),上个月进入短名单数
Rejected Candidates (Last month),上个月面试不合格人数
Total Job Offered (Last month),上个月发出录用通知数
Outgoing Salary,支付的工资
Gender Diversity Ratio,性别比例
Job Application Status,应聘状态
Designation Wise Employee Count,员工职位分布
Department Wise Employee Count,员工部门分布
Designation Wise Openings,职位空缺
Department Wise Openings,部门职位空缺
Attendance Count,出勤人数
Job Card Analysis,加工单分析
Work Order Qty Analysis,工单数量分析
Pending Work Order,待完成工单
Last Month Downtime Analysis,上个月停机分析
Quality Inspection Analysis,质量检验分析
Work Order Analysis,工单分析
Completed Operation,完工工序
Monthly Total Work Order,每月总工单
Monthly Completed Work Order,每月完工工单
Ongoing Job Card,未完成加工单
Monthly Quality Inspections,每月质量检验
Produced Quantity,产出数量
undefined,无数据
Absent,缺勤
Present,出勤
Leave,请假
Not Specified,未指定
Website Analytics,网站分析
Annual Purchase,年采购额
Purchase Orders to Receive,待收货采购订单
Purchase Orders to Bill,待开票采购订单
Active Suppliers,有效供应商
Total Assets,总资产
New Assets (This Year),本年新资产
Asset Value Analytics,固定资产金额分析
Total Outgoing Bills,总销售金额
Total Incoming Bills,总采购金额
Total Incoming Payment,总收款
Total Outgoing Payment,总付款
Incoming Leads,线索
New Lead (Last 1 Month),上个月新线索
Get Outstanding Documents,获取未关闭订单或发票
Material Request Analysis,物料需求分析
Top Suppliers,顶级供应商
Category-wise Asset Value,资产价值类别分布
Location-wise Asset Value,资产价值位置分布
Incoming Bills (Purchase Invoice),采购发票
Outgoing Bills (Sales Invoice),销售发票
Lost,未成交
Asset Value,资产价值
Budget Variance,预算差异
Accounts Receivable Ageing,应收账龄
Accounts Payable Ageing,应付账龄
Account Balance Timeline,科目余额日志
Completed,已完成
Pending,待处理
Bank Balance,银行存款余额
Percentage,百分比
Item,物料
English,英语
Date Range,日期范围
Profit and Loss,损益表
{0} edited this {1},{0}编辑了{1}
{0} created this {1},{0}创建了{1}
Sales Order,销售订单
Sales Orders,销售订单
Employee,员工
Transfer Material to Supplier,委外调拨
Your Shortcuts,快速访问
Reports & Masters,报表与基础资料
Home,主页
Loading...,载入中...
"Search or type a command (Ctrl + G)",搜索或输入命令(Ctrl + G)
Last Modified On,上次修改
List View,列表视图
Gannt View,甘特图视图
Filter By,过滤条件
Save Filter,保存过滤条件
Save filters,保存过滤条件
Show Tags,显示标签
Edit Filters,编辑过滤条件
Assigned To,分派给
Created By,创建人
Most Used,最常用
Created On,创建时间
Name,名称/编号
Filter Name,过滤名
Filter,过滤
Toggle Sidebar,切换边栏
Customize,定制
Reset Customizations,重置定制
Save Customizations,保存定制
Customizations Saved,定制已保存
Customizations Discarded,定制已放弃
Discard,放弃
Tags,标签
Search,搜索
Show Saved,显示已保存过滤
Report,报表
Kanban,看板
Image,图片
{} filter,{} 过滤条件
{0} filter,{0}个过滤条件
{0} filters,{0}个过滤条件
Equals,等于
Not Equals,不等于
Like,包含
Not Like,不包含
In,包括
in,包括
Not In,不包括,
not in,不包括,
Is,是
Add a Filter,添加过滤条件
Clear Filters,清除过滤条件
Apply Filters,启用过滤条件
Import,导入
User Permissions,用户权限
Edit DocType,修改单据类型
Role Permissions Manager,角色权限管理
Share URL,分享网址
List Settings,列表设置
My Profile,我的
My Settings,个人设置
Session Defaults,会话默认值
Reload,重新加载
View Website,查看网站
Toggle Full Width,切换全宽
Toggle Theme,切换界面样式
Background Jobs,后台任务
Logout,登出
Help,帮助
Documentation,在线文档
User Forum,用户论坛
Report an Issue,报告一个问题
About,关于
Keyboard Shortcuts,键盘快捷键
Global Shortcuts,全局快捷键
Trigger Primary Action,触发主操作
Open Awesomebar,打开搜索/命令框
Navigate Home,返回主界面
Open Settings,打开设置界面
Show Keyboard Shortcuts,显示快捷键
Open Help,打开帮助界面
Clear Cache and Reload,清缓存重新加载数据
Switch Theme,切换界面样式
Press Alt Key to trigger additional shortcuts in Menu and Sidebar,按Alt键触发菜单与左边栏其它快捷键
Notifications,通知
Today's Events,今日事件
DocType View,单据类型视图
Report Builder,报表生成器
Which view of the associated DocType should this shortcut take you to?,此快捷方式跳转至单据类型的哪个视图
For Example: {} Open,例如： {} 进行中
No filters selected,未选择过滤条件
Edit Shortcut,编辑快捷方式
Add Chart,添加图表
No filters found,无数据
Attachments,附件
Shared With,分享
Add a tag ...,添加标签 ...
Share this document with,分享给
Can Read,允许读
Can Write,允许写
Can Submit,允许提交
Can Share,允许分享
Everyone,所有人
Add,添加
Add a comment,添加评论
Edit,编辑
Add Multiple,添加多行
Add Row,添加一行
Download,下载
Upload,上传
No.,序号
Connections,关联
Overview,概览
Login to ERPNext,登录
Don't have an account?,没有账号?
Set Filters for {},为{}设置过滤条件
Attach File,上传文件
Attach,上传
FOLLOW,关注
Follow,关注
Unfollow,取消关注
Select All,全选
Unselect All,全不选
Ctrl+Enter to add comment,Ctrl + Enter 添加评论
New Email,发邮件
Not Saved,尚未保存
Logs,日志
Integrations,集成
Settings,设置
Activity,活动
Desk Theme,界面样式
Light,浅色
Dark,深色
Module Profile,模块集合
No Data,无数据
Me,我
Frappe Light,浅色
Timeless Night,深色
Theme Changed,样式已切换
All Results,全部结果
Jump to field,跳转到指定字段
Print,打印
Rename,修改编号(名称)
Links,链接
New {0},新建 {0}
Enabled,已启用
Refreshing,正在刷新
values separated by commas,用逗号分隔的值
use % as wildcard,使用％作为通配符
Dashboard,数据面板
Subcontracting,委外
You do not have enough review points,没有足够的评审点数
Reviews,评审
Send SMS,发短信
Mobile Number,手机号
Send,发送
Repeat,自动重复
Frequency,频率
Start Date,开始日期
End Date,结束日期
Drag and drop files here or upload from,拖拽文件到这里或通过以下途径上传
My Device,我的设备
Library,库
Link,链接
Toggle Private,将上传文件设为仅当前帐号可见
Insert Above,当前行前插入
Insert Below,当前行后插入
Editing Row,编辑行
Submit this document to confirm,点提交按钮进行确认
Select {0},选择{0}
Make {0},新建{0}
Get Items,选物料
Purchase Receipts,采购收货
changed value of {0},变更了{0}
changed values for {0},变更了{0}
submitted this document,提交这份文件
Menu,菜单
Refresh,刷新
Reset Chart,重置图表
Set,设置
Last synced {0},最近同步 {0}
{0} minutes ago,{0}分钟前
{0} hours ago,{0}小时前
{0} years ago,{0}年前
{0} month ago,{0}个月前
1 month ago,1个月前
{0} months ago,{0}个月前
{0} seconds ago,{0}秒钟前
{0} weeks ago,{0}周前
{0} day ago,一天前
{0} h,{0}小时
1 hour ago,一小时前
just now,刚刚
now,刚刚
Load More,加载更多
ascending,升序
descending,降序
See all Activity,查看所有活动
Mark all as read,全部标为已读
Search for '{0}',搜索“{0}”
Search for {0},搜索“{0}”
Help on Search,如何搜索指南
Duplicate,复制
Expand,展开
Collapse,收起
Context,上下文
Find {0} in {1},在{1}中搜索{0}
Next Document,下一个
Previous Document,上一个
Copied to clipboard.,已复制到剪贴板
Quality,质量
Tools,工具
List,列表
Report View,报表视图
Select {0},选择{0}
New Kanban Board,新建看板
Choose Kanban Board,选择看板
"For comparison, use >5, <10 or =324. For ranges, use 5:10 (for values between 5 & 10).","过滤条件可以用>,<,= 比较符，两个值之间用：表示范围， 如>5, <10, =20, 5:10"
{0} of {1}, {0} / {1}
Recents,最近
Searching,搜索中
Searching ...,搜索中 ...
Search results for,搜索...
Search...,搜索中...
Nothing to show,无数据
Execution Time: {0} sec,运行时间：{0}秒
Execution Time:,系统用时：
Setup Auto Email,设置电子邮件自动发送
Export,导出
"For multiple addresses, enter the address on different line. e.g. test@test.com
test1@test.com",多行地址，每行一个地址
No Report Found,无报表
Create New Board,创建新看板
Show Totals,显示总计
Save As,另存为
Pick Columns,选择报表输出字段
Toggle Chart,切换图表
Configure Chart,配置图表
X Axis Field,X轴字段
Y Axis Field,Y轴字段
Showing only Numeric fields from Report,仅显示来自报表的数字字段
{0} m,{0} 分
{0}m,{0} 分
{0} d,{0} 天
{0}d,{0} 天
{0} w,{0} 周
{0}w,{0} 周
{0}h,{0} 小时
{0}	h,{0} 小时
{0} hours ago,{0} 小时前
{0} has been successfully added to the Email Group.,{0} 已经被成功的加入到邮件组之中。
{0} added,{0} 成功添加
{0} M,{0} 月
{0}M,{0} 月
Edit in full page,在常规界面编辑
Primary Contact Details,首选联系方式
Primary Address Details,首选地址信息
Address Line 1,详细地址1
Address Line 2,详细地址2
ZIP Code,邮编
City,城市
No contacts added yet.,未添加联系人
No address added yet.,未添加地址。
New Address,新建地址
New Contact,新建联络人
New Event,新事件
Add Attachment,添加附件
+ Add Attachment,+ 添加附件
Select Attachments,选择附件
Summary,摘要
Reference,参考
Public,公开
Select File Format,选择文件格式
Export Report:,导出报表:
Export Report: {0},导出报表 {0}
Set Chart,设置图表
Add Chart to Dashboard,添加图表至数据面板
Create Card,创建数字卡
Add to Dashboard,添加到数据面板
Select Dashboard,选择数据面板
Card Label,数字卡标签
Field,字段
Press Enter to save,按Enter键保存
Is Global,全局有效？
Hide Tags,隐藏标签
Dashboard View,数据面板视图
Customize Dashboard,设置数据面板
Reset Dashboard Customizations,重置数据面板设置
No {0} found,无满足条件的 {0}
No {0} Found,无满足条件的 {0}
More,更多
Finished,已完成
Stats,统计
Total Outstanding,总未付
Total Outstanding Amt,总未付金额
Total Outstanding: {0},总未付：{0}
Total Unpaid: {0},总未付：{0}
Annual Billing: {0},本年总发票金额：{0}
{0} from {1} to {2}, {0} 由 {1} 变更为 {2}
{0} from {1} to {2} in row #{3},第{3}行的 {0} 由 {1} 变更为 {2}
Select Field,选择字段
Go,确认
From Document Type,单据类型
Insert After,在后边插入
Reference,参考
Login to {0},登录系统
Reqd by date,需求日期
Move,移动
Select or drag across time slots to create a new event.,选择或拖动一个时间范围，创建新事件。
Calendar,日历
Gannt,甘特图
Hide Weekends,隐藏周末
Show Weekends,显示周末
Document Status,单据状态
Last Updated By,最后更新人
Last Updated On,最后更新日期
Comments,评论
Liked By,谁喜欢
Delete,删除
Please set filters,请设置过滤条件
Add Column,添加列
Function,函数
Total,总计
Save,保存
Cancel,取消
Submit,提交
Search Help,搜索说明
Create a new record,新增一笔记录
List a document type,显示单据类型列表
Search in a document type,在单据类型中搜索
Open a module or tool,打开一个模块或工具
Calculate,计算
"document type..., e.g. customer",单据类型，如客户
text in document type,单据类型中的搜索关键字
"tag name..., e.g. #tag",标签名，如#我的标签
module name...,模块名...
new type of document,new 单据类型，例如:new 采购订单
commented,发表了评论
You,你
{0} submitted this document {1},{0}提交了单据{1}
{0} submitted this document,{0}提交了此单据
{0} cancelled this document {1},{0}取消了单据{1}
{0} cancelled this document,{0}取消了此单据
{0} changed value of {1} {2},{0}变更了{1}{2}
{0} changed value of {1},{0}变更了{1}
Conversion Factor,转换系数
Update,更新
No changes in document,未做任何修改
New,新建
Set all private,设为私有
Set all public,设为公开
Assign to me,分派给自己
Assign To,分派给
Complete By,完成人
Priority,优先级
Low,低
Medium,中
High,高
Create a new {0},新建{0}
Filters applied for {0},过滤条件：{0}
Permanently Submit {0}?,正式提交{0}?
This is a background report. Please set the appropriate filters and then generate a new one.,这是一个需后台运算获取数据的报表，请设置恰当的过滤条件并据此生成新报表
Add Group,添加分组
Select Group By...,选择分组字段
Advanced Search,高级过滤
Confirm,确认
Hide Saved,隐藏已保存过滤
First,首页
Last,尾页
To,收件人
CC,抄送
BCC,暗送
Message,消息
Select Print Format,选择打印格式
Send me a copy,抄送给自己
Send Read Receipt,发送已读回执
Attach Document Print,添加单据打印内容附件
Subject,主题
Select Languages,选择语言
{0} days ago,{0}天前
{0} minute ago,{0}分钟前
Change,变更
Generate New Report,生成新报表
Rebuild,重新生成
Download Report,下载报表
The resource you are looking for is not available,单据不存在
Not found,未找到
Removed page customizations,页面定制已移除
No Upcoming Events,无待处理事件
There are no upcoming events for you.,你没有待处理事件
Theme Changed,主题已变更
Expand All,全部展开
Collapse All,全部折叠
Dimension,维度
Actions,操作
Add Tags,添加标签
Apply Assignment Rule,应用分派规则
Kanban Board Name,看板名称
Columns based on,看板字段
Select Kanban,选择看板
Archive,归档
Kanban View,看板视图
Gantt View,甘特图
Gantt,甘特图
Tree,树
Token Cache,令牌缓存
No Stock Available Currently,无可用库存
Sales Order has been submitted successfully,销售订单已成功提交
Communication,沟通
Add to ToDo,新增待办事项
Assigning...,分派中...
Mandatory fields required in {0},{0}中有必填字段
"Mandatory fields required in table {0}, Row {1}",表{0}第{1}行有必填字段
Chart Preview,图表预览
Preview Chart,预览图表
Type of Chart,图表类型
Choose a color,选择颜色
Create Chart,新建图表
Y axis,Y 轴
X axis,X 轴
Y Field,Y轴字段
X Field,X轴字段
No Data...,无数据...
Filters saved,过滤已保存
Shortcuts,快捷方式
Image View,图片视图
Create your first {0},新建 {0}
You haven't created a {0} yet, 暂无数据 {0}
Set up your Warehouse,设置仓库
Awesome Work,干得漂亮
You can continue with the onboarding after exploring this page,可继续其它初始化步骤
Introduction to Buying,采购功能简介
Watch Video,观看视频
Watch Tutorial,观看教程
Introduction to Selling,销售功能简介
Introduction to Assets,资产功能简介
Introduction to Website,网站功能简介
Introduction to CRM,客户关系管理功能简介
Create a Warehouse,新建仓库
Create Department,新建部门
Create Entry,新增
Create Employee,新建员工
"# Chart Of Accounts

The Chart of Accounts is the blueprint of the accounts in your organization.
It is a tree view of the names of the Accounts (Ledgers and Groups) that a Company requires to manage its books of accounts. ERPNext sets up a simple chart of accounts for each Company you create, but you can modify it according to your needs and legal requirements.

For each company, Chart of Accounts signifies the way to classify the accounting entries, mostly
based on statutory (tax, compliance to government regulations) requirements.

There's a brief video tutorial about chart of accounts in the next step.","# 科目表

科目表是贵公司账务处理的蓝图

科目表是一种树形结构(台账与科目组），本系统在新建公司时会自动创建一个简单的科目表，用户可根据相关法律法规要求修改科目表

请观看以下科目表简介教程以了解更多细节"
Go to Page,进入页面
Error,错误
Missing Fields,缺失必须字段信息
With Letter head,打印表头
Orientation,打印格式
Select Columns,选择字段
Landscape,横向
Portrait,竖向
Report with more than 10 columns looks better in Landscape mode.,超过10列的报表横向打印会更好看
Compact Item Print,物料信息紧凑显示
Print UOM after Quantity,计量单位在数量之后
Print taxes with zero amount,0税率也打印
No Letterhead,无表头
Show Absolute Values,显示绝对值
"If checked, negative numeric values of Currency, Quantity or Count would be shown as positive",如勾选，金额，数量为负数会被显示为正数
No Results found,无搜索结果
Version Updated,版本已更新
The application has been updated to a new version, please refresh this page,应用已更新至新版本，请刷新本页
Internal Server Error,内部服务器错误
Accounting Ledger,会计凭证
Add Serial No,添加序列号,
{0} items selected,已选{0}条记录
Delete {0} items permanently?,彻底删除{0}条记录？
{0} values selected,已选择{0}个值
Sales Order has been submitted successfully,销售订单已成功提交
From,自
To,至
Please specify,请先输入
It is needed to fetch Item Details.,以获取物料详细信息。
{0} already exists. Select another name,{0}已存在。选择其他名称,
Status,状态
Details,详情
Add Child,添加子项
Rebuild Tree,重新生成树形结构
Chart of Accounts,科目表
View List,查看列表
View,查看
Create,新建
Index,索引
Copy to Clipboard,复制到剪贴板
Reference,参考
Create New Kanban Board,新建看板
Add Task,新建任务
since yesterday,最近更新：昨天
since last week,最近更新：上周
since last month,最近更新：上月
since last year,最近更新：去年
Merge with existing,与现有合并
Permanently Cancel {0}?,取消{0} ？
Permanently delete {0}?,彻底删除{0} ？
Cancel {0} documents?,取消{0}笔单据？
Amend,修订
Accounting Dimension <b>{0}</b> is required for 'Balance Sheet' account {1}.,请为资产科目{1}输入会计维度<b>{0}</b>
Accounting Dimension <b>{0}</b> is required for 'Profit and Loss' account {1}.,请为损益科目{1}输入会计维度<b>{0}</b>
Not permitted,未被授权
Not Descendants Of,非子节点
Not Ancestors Of,非父节点
Descendants Of,子节点
Ancestors Of,父节点
Request Timed Out,服务器超时
Delete All,全部删除
Cancelled,已取消
This cannot be undone,此操作不可撤销
New Name,新名称编号
Rename {0},重命名{0}
Are you sure you want to delete all rows?,确认删除全部?
See on Website,在门户网站查看
Reload File,重新加载数据
Successfully imported {0},成功导入{0}
Successfully imported {0} records.,成功导入{0}笔记录
Successfully imported {0} record.,成功导入{0}笔记录
"Successfully imported {0} records out of {1}. Click on Export Errored Rows, fix the errors and import again.","从{1}笔资料中成功导入了{0}笔，请点击出错的资料行，修正错误数据，重新点导入"
"Successfully imported {0} record out of {1}. Click on Export Errored Rows, fix the errors and import again.","从{1}笔资料中成功导入了{0}笔，请点击出错的资料行，修正错误数据，重新点导入"
"Successfully updated {0} records out of {1}. Click on Export Errored Rows, fix the errors and import again.","从{1}笔资料中成功修改了{0}笔，请点击出错的资料行，修正错误数据，重新点导入"
"Successfully updated {0} record out of {1}. Click on Export Errored Rows, fix the errors and import again.","从{1}笔资料中成功修改了{0}笔，请点击出错的资料行，修正错误数据，重新点导入"
Clear,清除
Last 6 Months,最近6个月
Yesterday,昨天
Today,今天
Tomorrow,明天
Next Day,下一天
Next Week,下周
Next Month,下个月
Next Year,明年
Next 6 Months,接下来6个月
Between,介于
>,大于
>=,大于等于
<,小于
<=,小于等于
Unseen,未读
Report {0},报表 {0}
"Open {0}","打开 {0}"
You have unsaved changes in this form. Please save before you continue.,表单变更尚未保存，请保存后继续
Beginning with,以此开头
You can use wildcard %,可使用通配符%
Preview,预览
"The Sample Template contains all the required accounts pre filled in the template. You can add more accounts or change existing accounts in the template as per your choice.",样板模板含预定义的科目，可根据需要新增或修改再上传
File Type,文件类型
Template Type,模板类型
Sample Template,样板模板
Blank Template,空白模板
Group Node,组节点
Further nodes can be only created under 'Group' type nodes,其它节点只能创建在组节点之下
{0} {1} is linked with the following submitted documents: {2},{0} {1} 关联了下列已提交单据: {2}
Do you want to cancel all linked documents?,取消所有关联单据?
Cancel All Documents,取消所有单据
Cancel All,全部取消
Select File Type,选择文件类型
Export All {0} rows?,导出全部{0}笔记录
Fetching exchange rates ...,获取汇率...
Hello!,欢迎
The First User: You,第一个用户:你
Select Your Region,选择区域
Will be your login ID,将是您的登录ID
Updating global settings,更新全局设置
Show Form Tour,显示表单向导
Previous,上一个
Next,下一个
Close,关闭
Let's take you back to onboarding,返回模块初始化
Graph,图表
Update Settings,更新设置
"# Account Settings

This is a crucial piece of configuration. There are various account settings in ERPNext to restrict and configure actions in the Accounting module.

The following settings are avaialble for you to configure

1. Account Freezing 
2. Credit and Overbilling
3. Invoicing and Tax Automations
4. Balance Sheet configurations

There's much more, you can check it all out in this step","# 会计设置

此设置比较关键，影响会计模块多个方面

重要的设置项如下

1. 科目冻结
2. 信用额度及超额开发票
3. 发票与自动计税
4. 资产负债表设置

本步骤可查看更多可配置信息"
"# Chart Of Accounts

The Chart of Accounts is the blueprint of the accounts in your organization.
It is a tree view of the names of the Accounts (Ledgers and Groups) that a Company requires to manage its books of accounts. ERPNext sets up a simple chart of accounts for each Company you create, but you can modify it according to your needs and legal requirements.

For each company, Chart of Accounts signifies the way to classify the accounting entries, mostly
based on statutory (tax, compliance to government regulations) requirements.

There's a brief video tutorial about chart of accounts in the next step.","# 科目表

科目表是贵公司账务处理的蓝图

科目表是一种树形结构(台账与科目组），本系统在新建公司时会自动创建一个简单的科目表，用户可根据相关法律法规要求修改科目表

请观看以下科目表简介教程以了解更多细节"
"# All about sales invoice

A Sales Invoice is a bill that you send to your Customers against which the Customer makes the payment. Sales Invoice is an accounting transaction. On submission of Sales Invoice, the system updates the receivable and books income against a Customer Account.

Here's the flow of how a sales invoice is generally created


![Sales Flow](https://docs.erpnext.com/docs/assets/img/accounts/so-flow.png)","# 销售发票

销售发票是你发给客户请求其支持款项的单据。销售发票是会计相关业务，提交销售发票后系统自动生成会计凭证登记应收账款和收入

以下是典型的销售流程"
"# What's a Purchase Invoice?

A Purchase Invoice is a bill you receive from your Suppliers against which you need to make the payment.
Purchase Invoice is the exact opposite of your Sales Invoice. Here you accrue expenses to your Supplier. 

The following is what a typical purchase cycle looks like, however you can create a purchase invoice directly as well.

![Purchase Flow](https://docs.erpnext.com/docs/assets/img/accounts/pi-flow.png)

","# 什么是采购发票
采购发票是供应商发给你，申请向其付款的凭证
采购发票与销售发票方向相反

以下是典型的采购流程，也可以不经采购及收货直接创建采购发票"
"# Setting up Taxes

Any sophisticated accounting system, including ERPNext will have automatic tax calculations for your transactions. These calculations are based on user defined rules in compliance to local rules and regulations.

ERPNext allows this via *Tax Templates*. These templates can be used in Sales Orders and Sales Invoices. Other types of charges that may apply to your invoices (like shipping, insurance etc.) can also be configured as taxes.

For Tax Accounts that you want to use in the tax templates, go to:

`> Accounting > Taxes > Sales Taxes and Charges Template`

You can read more about these templates in our documentation [here](https://docs.erpnext.com/docs/user/manual/en/selling/sales-taxes-and-charges-template)
","# 设置税
复杂的会计系统，包括ERPNext都可以在业务交易中自动计税，自动计税基于用户按当地税法定义的计税规则

ERPNext使用税模费板定义计税规则， 税模板可用于销售订单与销售发票。销售发票上的其它费用如运费、保险费等也可通过税费模板设置

`> 会计 > 税 > 销售税费模板`

更多税费模板内容请参见文档 [这儿](https://docs.erpnext.com/docs/user/manual/en/selling/sales-taxes-and-charges-template)"
"# Review Stock Settings

In ERPNext, the Stock module’s features are configurable as per your business needs. Stock Settings is the place where you can set your preferences for:
- Default values for Item and Pricing
- Default valuation method for inventory valuation
- Set preference for serialization and batching of item
- Set tolerance for over-receipt and delivery of items","# 检查库存设置

库存模块功能可基于业务需求进行设置，典型的可设置项如下
- 物料与价格控制默认值
- 默认库存(成本价)计价方式
- 物料批号与序列号规则
- 超量入、出库容差
"
"# Setup a Warehouse
The warehouse can be your location/godown/store where you maintain the item's inventory, and receive/deliver them to various parties.

In ERPNext, you can maintain a Warehouse in the tree structure, so that location and sub-location of an item can be tracked. Also, you can link a Warehouse to a specific Accounting ledger, where the real-time stock value of that warehouse’s item will be reflected.","# 设置仓库
仓库是存放及收、发物料的地方

仓库是一种树形结构，即可以定义仓库的下层节点，可以为仓库定义相关的库存科目，该仓库的物料移动就会自动记账到对应的存货科目"
"# Manage Stock Movements
Stock entry allows you to register the movement of stock for various purposes like transfer, received, issues, repacked, etc. To address issues related to theft and pilferages,  you can always ensure that the movement of goods happens against a document reference Stock Entry in ERPNext.

Let’s get a quick walk-through on the various scenarios covered in Stock Entry by watching [*this video*](https://www.youtube.com/watch?v=Njt107hlY3I).","# 管理物料移动
物料移动用来记录各种类型的物料异动，如调拨、入库、出库、重新包装等，为更好地控制库存被偷盗或其它原因的灭失，可以设置所有出库均需关联原始业务单据。
更多细节，请观看 [*此视频教程*](https://www.youtube.com/watch?v=Njt107hlY3I)."
"# Update Stock Opening Balance
It’s an entry to update the stock balance of an item, in a warehouse, on a date and time you are going live on ERPNext.

Once opening stocks are updated, you can create transactions like manufacturing and stock deliveries, where this opening stock will be consumed.","# 更新初始库存
库存调账用于将上线时间点库存盘点结果导入新系统

初始库存导入(更新)后，即可进行各种消耗库存的业务操作，如生产调拨、销售出库等"
"# Check Stock Reports
Based on the various stock transactions, you can get a host of one-click Stock Reports in ERPNext like Stock Ledger, Stock Balance, Projected Quantity, and Ageing analysis.","
# 查看库存报表
在系统中产生了各种库存业务(物料移动)记录后，即可查看各种库存报表，如物料凭证(库存移动明细)，库存余额(收发存汇总表),又称实时库存，库龄，预期可用库存等"
Build,后台组件
Make a Sales Tax Template,新建一个税费模板
Assign a user,分派一个用户
File View,文件视图
Complete Setup,完成设置
The Brand,品牌
Select your Domains,选择行业
Your Organization,组织机构
Healthcare (beta),医疗保健（测试版）
What does it do?,公司主营业务(显示在网站首页的大标题)
"e.g. ""Build tools for builders""",例如“建筑工人的建筑工具！”
Mon,周一
Wed,周三
Tue,周二
Fri,周五
Sat,周六
Thu,周四
Sun,周日
No filters selected ,未选择过渡条件
Rules,规则
Create a Material Transfer Entry,创建一笔物料移动
"Let’s create a stock opening entry",创建库存调账-期初库存
"Let’s create your first  warehouse ",创建第一个仓库
"Take a walk through Stock Settings",查看库存设置
"Report initiated, click to view status",报表已在后台运行，点击查看报表状态
Annual Sales,年销售额
Sales Orders to Deliver,待出货销售订单
Sales Orders to Bill,待开票销售订单
Sales Orders to Deliver,待出库销售订单
Active Customers,活跃客户
Top Customers,大客户
Item-wise Annual Sales,物料年销售额
Sr. No,序号
Report Error,出错提示
Loans,贷款
Link To,链接至
"# Track Material Request


Also known as Purchase Request or an Indent, is a document identifying a requirement of a set of items (products or services) for various purposes like procurement, transfer, issue, or manufacturing. Once the Material Request is validated, a purchase manager can take the next actions for purchasing items like requesting RFQ from a supplier or directly placing an order with an identified Supplier.

","# 管理物料需求

物料需求又称采购需求，是因采购、调拨、生产等目的产生的对原材料的需求，物料需求被审批后，可以下推询价、报价或直接生成采购订单"
"# Create first Purchase Order

Purchase Order is at the heart of your buying transactions. In ERPNext, Purchase Order can can be created against a Purchase Material Request (indent) and Supplier Quotation as well.  Purchase Orders is also linked to Purchase Receipt and Purchase Invoices, allowing you to keep a birds-eye view on your purchase deals.

","采购订单是采购业务的核心，采购订单可由物料需求、供应商报价或销售订单下推，从采购订单可下推(关联)采购入库、采购发票、付款"
"# Buying Settings


Buying module’s features are highly configurable as per your business needs. Buying Settings is the place where you can set your preferences for:

- Supplier naming and default values
- Billing and shipping preference in buying transactions


","# 采购设置

采购模块有很多可配置选项，比如

- 供应商编号规则及默认值
- 采购业务中的发票及出货"
"Let’s walk-through few Buying Settings",进入采购设置界面
"Let’s create your first Purchase Order",创建第一个采购订单
"Let’s create your first Material Request",创建第一个物料需求
Configure the default Price List when creating a new Purchase transaction. Item prices will be fetched from this Price List.,采购业务单据中默认的价格表。,
Done,完成
"# Create a Supplier
In this step we will create a **Supplier**. If you have already created a **Supplier** you can skip this step.","# 新建供应商
此步骤新建一个 **供应商**，如果已经新建过**供应商**了，则可跳过此步骤"
Show Users,显示用户
Allowed Items,可交易物料
